Workbook

Sheet What to buy 
A1: IBM webMethods Hyb Int SaaS Sizing Calculator | E1: NOTE: This sheet is only for use with IBM webMethodsHybrid Integration SaaS Part D0YG9ZX
A2: Use this sheet to determine how many RUs are needed for a given configuration
A3: Instructions: enter values in the blue shaded cells
A5: Integration
C6: Year 1 | D6: Year 2 | E6: Year 3 | F6: Year 4 | G6: Year 5 | H6: Private Network Connection
A7: Development environment | B7: # months | H7: FALSE
A8: Test environment | B8: # months | H8: FALSE
A9: Production environment | B9: # months | H9: FALSE
A10: Additional environments | B10: # Count of envirnoment | H10: FALSE
B11: # Avg. months active
A12: Additional runtimes | B12: # runtimes (12mth)
A13: Integration Transactions | B13: Production tx/year
B14: Production tx/month | C14: =ROUND(C13/12,0) -> 0 | D14: =ROUND(D13/12,0) -> 0 | E14: =ROUND(E13/12,0) -> 0 | F14: =ROUND(F13/12,0) -> 0 | G14: =ROUND(G13/12,0) -> 0
B15: Non-production tx/year | C15: =C13/10 -> 0
B16: Non-production tx/month | C16: =ROUND(C15/12,0) -> 0 | D16: =ROUND(D15/12,0) -> 0 | E16: =ROUND(E15/12,0) -> 0 | F16: =ROUND(F15/12,0) -> 0 | G16: =ROUND(G15/12,0) -> 0
A17: RUs | C17: =((C7+C8+C9+C10*C11)*'Master data'!$B5)+(C12*'Master data'!$B$6*12)+'Master data'!H5+'Master data'!H11 -> 0 | D17: =((D7+D8+D9+D10*D11)*'Master data'!$B5)+(D12*'Master data'!$B$6*12)+'Master data'!I5+'Master data'!I11 -> 0 | E17: =((E7+E8+E9+E10*E11)*'Master data'!$B5)+(E12*'Master data'!$B$6*12)+'Master data'!J5+'Master data'!J11 -> 0 | F17: =((F7+F8+F9+F10*F11)*'Master data'!$B5)+(F12*'Master data'!$B$6*12)+'Master data'!K5+'Master data'!K11 -> 0 | G17: =((G7+G8+G9+G10*G11)*'Master data'!$B5)+(G12*'Master data'!$B$6*12)+'Master data'!L5+'Master data'!L11 -> 0
A19: API Management
C20: Year 1 | D20: Year 2 | E20: Year 3 | F20: Year 4 | G20: Year 5 | H20: Private Network Connection
A21: Development environment | B21: # months | H21: FALSE
A22: Test environment | B22: # months | H22: FALSE
A23: Production environment | B23: # months | H23: FALSE
A24: Additional environments | B24: # Count of envirnoment | H24: FALSE
B25: # Avg. months active
A26: API Calls | B26: Production tx/year
B27: Production tx/month | C27: =ROUND(C26/12,0) -> 0 | D27: =ROUND(D26/12,0) -> 0 | E27: =ROUND(E26/12,0) -> 0 | F27: =ROUND(F26/12,0) -> 0 | G27: =ROUND(G26/12,0) -> 0
B28: Non-production tx/year | C28: =C26/10 -> 0 | D28: =D26/5 -> 0 | E28: =E26/5 -> 0
B29: Non-production tx/month | C29: =ROUND(C28/12,0) -> 0 | D29: =ROUND(D28/12,0) -> 0 | E29: =ROUND(E28/12,0) -> 0 | F29: =ROUND(F28/12,0) -> 0 | G29: =ROUND(G28/12,0) -> 0
A30: RUs | C30: =((C21+C22+C23+C24*C25)*'Master data'!$B22)+'Master data'!H22+'Master data'!H27 -> 0 | D30: =((D21+D22+D23+D24*D25)*'Master data'!$B22)+'Master data'!I22+'Master data'!I27 -> 0 | E30: =((E21+E22+E23+E24*E25)*'Master data'!$B22)+'Master data'!J22+'Master data'!J27 -> 0 | F30: =((F21+F22+F23+F24*F25)*'Master data'!$B22)+'Master data'!K22+'Master data'!K27 -> 0 | G30: =((G21+G22+G23+G24*G25)*'Master data'!$B22)+'Master data'!L22+'Master data'!L27 -> 0
A32: B2B
C33: Year 1 | D33: Year 2 | E33: Year 3 | F33: Year 4 | G33: Year 5 | H33: Private Network Connection
A34: Development environment | B34: # months | H34: FALSE
A35: Test environment | B35: # months | H35: FALSE
A36: Production environment | B36: # months | H36: FALSE
A37: Additional environments | B37: # Count of envirnoment | H37: FALSE
B38: # Avg. months active
A39: B2B Transactions | B39: Production tx/year
B40: Production tx/month | C40: =ROUND(C39/12,0) -> 0 | D40: =ROUND(D39/12,0) -> 0 | E40: =ROUND(E39/12,0) -> 0 | F40: =ROUND(F39/12,0) -> 0 | G40: =ROUND(G39/12,0) -> 0
B41: Non-production tx/year | C41: =C39/10 -> 0
B42: Non-production tx/month | C42: =ROUND(C41/12,0) -> 0 | D42: =ROUND(D41/12,0) -> 0 | E42: =ROUND(E41/12,0) -> 0 | F42: =ROUND(F41/12,0) -> 0 | G42: =ROUND(G41/12,0) -> 0
A43: VAN Transactions | B43: Production tx/year
B44: Production tx/month | C44: =ROUND(C43/12,0) -> 0 | D44: =ROUND(D43/12,0) -> 0 | E44: =ROUND(E43/12,0) -> 0 | F44: =ROUND(F43/12,0) -> 0 | G44: =ROUND(G43/12,0) -> 0
B45: Non-production tx/year | C45: =C43/10 -> 0
B46: Non-production tx/month | C46: =ROUND(C45/12,0) -> 0 | D46: =ROUND(D45/12,0) -> 0 | E46: =ROUND(E45/12,0) -> 0 | F46: =ROUND(F45/12,0) -> 0 | G46: =ROUND(G45/12,0) -> 0
A47: RUs | C47: =((C34+C35+C36+C37*C38)*'Master data'!$B37)+'Master data'!H37+'Master data'!H42+'Master data'!H49+'Master data'!H54 -> 0 | D47: =((D34+D35+D36+D37*D38)*'Master data'!$B37)+'Master data'!I37+'Master data'!I42+'Master data'!I49+'Master data'!I54 -> 0 | E47: =((E34+E35+E36+E37*E38)*'Master data'!$B37)+'Master data'!J37+'Master data'!J42+'Master data'!J49+'Master data'!J54 -> 0 | F47: =((F34+F35+F36+F37*F38)*'Master data'!$B37)+'Master data'!K37+'Master data'!K42+'Master data'!K49+'Master data'!K54 -> 0 | G47: =((G34+G35+G36+G37*G38)*'Master data'!$B37)+'Master data'!L37+'Master data'!L42+'Master data'!L49+'Master data'!L54 -> 0
A49: MFT
C50: Year 1 | D50: Year 2 | E50: Year 3 | F50: Year 4 | G50: Year 5 | H50: Private Network Connection
A51: Development environment | B51: # months | H51: FALSE
A52: Test environment | B52: # months | H52: FALSE
A53: Production environment | B53: # months | H53: FALSE
A54: Additional environments | B54: # Count of envirnoment | H54: FALSE
B55: # Avg. months active
A56: MFT Transactions | B56: Production tx/year
B57: Production tx/month | C57: =ROUND(C56/12,0) -> 0 | D57: =ROUND(D56/12,0) -> 0 | E57: =ROUND(E56/12,0) -> 0 | F57: =ROUND(F56/12,0) -> 0 | G57: =ROUND(G56/12,0) -> 0
B58: Non-production tx/year
B59: Non-production tx/month | C59: =ROUND(C58/12,0) -> 0 | D59: =ROUND(D58/12,0) -> 0 | E59: =ROUND(E58/12,0) -> 0 | F59: =ROUND(F58/12,0) -> 0 | G59: =ROUND(G58/12,0) -> 0
A60: RUs | C60: =((C51+C52+C53+C54*C55)*'Master data'!$B63)+'Master data'!H63+'Master data'!H68 -> 0 | D60: =((D51+D52+D53+D54*D55)*'Master data'!$B63)+'Master data'!I63+'Master data'!I68 -> 0 | E60: =((E51+E52+E53+E54*E55)*'Master data'!$B63)+'Master data'!J63+'Master data'!J68 -> 0 | F60: =((F51+F52+F53+F54*F55)*'Master data'!$B63)+'Master data'!K63+'Master data'!K68 -> 0 | G60: =((G51+G52+G53+G54*G55)*'Master data'!$B63)+'Master data'!L63+'Master data'!L68 -> 0
A62: Event Endpoint Mgmt
C63: Year 1 | D63: Year 2 | E63: Year 3 | F63: Year 4 | G63: Year 5 | H63: Private Network Connection
A64: Development environment | B64: # months | H64: FALSE
A65: Test environment | B65: # months | H65: FALSE
A66: Production environment | B66: # months | H66: FALSE
A67: Additional environments | B67: # Count of envirnoment | H67: FALSE
B68: # Avg. months active
A69: Events | B69: Production tx/year
B70: Production tx/month | C70: =ROUND(C69/12,0) -> 0 | D70: =ROUND(D69/12,0) -> 0 | E70: =ROUND(E69/12,0) -> 0 | F70: =ROUND(F69/12,0) -> 0 | G70: =ROUND(G69/12,0) -> 0
B71: Non-production tx/year
B72: Non-production tx/month | C72: =ROUND(C71/12,0) -> 0 | D72: =ROUND(D71/12,0) -> 0 | E72: =ROUND(E71/12,0) -> 0 | F72: =ROUND(F71/12,0) -> 0 | G72: =ROUND(G71/12,0) -> 0
A73: RUs | C73: =((C64+C65+C66+C67*C68)*'Master data'!$B78)+'Master data'!H78+'Master data'!H83 -> 0 | D73: =((D64+D65+D66+D67*D68)*'Master data'!$B78)+'Master data'!I78+'Master data'!I83 -> 0 | E73: =((E64+E65+E66+E67*E68)*'Master data'!$B78)+'Master data'!J78+'Master data'!J83 -> 0 | F73: =((F64+F65+F66+F67*F68)*'Master data'!$B78)+'Master data'!K78+'Master data'!K83 -> 0 | G73: =((G64+G65+G66+G67*G68)*'Master data'!$B78)+'Master data'!L78+'Master data'!L83 -> 0
A75: GraphQL
C76: Year 1 | D76: Year 2 | E76: Year 3 | F76: Year 4 | G76: Year 5 | H76: Private Network Connection
A77: Development environment | B77: # months | H77: FALSE
A78: Test environment | B78: # months | H78: FALSE
A79: Production environment | B79: # months | H79: FALSE
A80: Additional environments | B80: # Count of envirnoment | H80: FALSE
B81: # Avg. months active
A82: GraphQL API Calls | B82: Production tx/year
B83: Production tx/month | C83: =ROUND(C82/12,0) -> 0 | D83: =ROUND(D82/12,0) -> 0 | E83: =ROUND(E82/12,0) -> 0 | F83: =ROUND(F82/12,0) -> 0 | G83: =ROUND(G82/12,0) -> 0
B84: Non-production tx/year
B85: Non-production tx/month | C85: =ROUND(C84/12,0) -> 0 | D85: =ROUND(D84/12,0) -> 0 | E85: =ROUND(E84/12,0) -> 0 | F85: =ROUND(F84/12,0) -> 0 | G85: =ROUND(G84/12,0) -> 0
A86: RUs | C86: =((C77+C78+C79+C80*C81)*'Master data'!$B98)+'Master data'!H98+'Master data'!H103 -> 0 | D86: =((D77+D78+D79+D80*D81)*'Master data'!$B98)+'Master data'!I98+'Master data'!I103 -> 0 | E86: =((E77+E78+E79+E80*E81)*'Master data'!$B98)+'Master data'!J98+'Master data'!J103 -> 0 | F86: =((F77+F78+F79+F80*F81)*'Master data'!$B98)+'Master data'!K98+'Master data'!K103 -> 0 | G86: =((G77+G78+G79+G80*G81)*'Master data'!$B98)+'Master data'!L98+'Master data'!L103 -> 0
A88: Hybrid Control Plane
C89: Year 1 | D89: Year 2 | E89: Year 3 | F89: Year 4 | G89: Year 5
A90: Connections | B90: # connections
A91: RUs | C91: ='Master data'!H91*12 -> 0 | D91: ='Master data'!I91*12 -> 0 | E91: ='Master data'!J91*12 -> 0 | F91: ='Master data'!K91*12 -> 0 | G91: ='Master data'!L91*12 -> 0
A93: Private Network Connections
C94: Year 1 | D94: Year 2 | E94: Year 3 | F94: Year 4 | G94: Year 5
A95: RUs | C95: ='Master data'!H$125 -> 0 | E95: ='Master data'!J$125 -> 0 | F95: ='Master data'!K$125 -> 0 | G95: ='Master data'!L$125 -> 0
A97: DataPower Interact Gateway
C98: Year 1 | D98: Year 2 | E98: Year 3 | F98: Year 4 | G98: Year 5
A99: AI Call Messages | B99: Production tx/year
C100: =ROUND(C99/12,0) -> 0 | D100: =ROUND(D99/12,0) -> 0 | E100: =ROUND(E99/12,0) -> 0 | F100: =ROUND(F99/12,0) -> 0 | G100: =ROUND(G99/12,0) -> 0
B101: Non-production tx/year
C102: =ROUND(C101/12,0) -> 0 | D102: =ROUND(D101/12,0) -> 0 | E102: =ROUND(E101/12,0) -> 0 | F102: =ROUND(F101/12,0) -> 0 | G102: =ROUND(G101/12,0) -> 0
A103: RUs | C103: ='Master data'!H129+'Master data'!H134 -> 0 | D103: ='Master data'!I129+'Master data'!I134 -> 0 | E103: ='Master data'!J129+'Master data'!J134 -> 0 | F103: ='Master data'!K129+'Master data'!K134 -> 0 | G103: ='Master data'!L129+'Master data'!L134 -> 0
A105: TOTALS
C106: Year 1 | D106: Year 2 | E106: Year 3 | F106: Year 4 | G106: Year 5 | H106: TOTAL
B107: RUs | C107: =C17+C30+C47+C60+C73++C86+C91+C95+C103 -> 0 | D107: =D17+D30+D47+D60+D73++D86+D91+D95+D103 -> 0 | E107: =E17+E30+E47+E60+E73++E86+E91+E95+E103 -> 0 | F107: =F17+F30+F47+F60+F73++F86+F91+F95+F103 -> 0 | G107: =G17+G30+G47+G60+G73++G86+G91+G95+G103 -> 0 | H107: =SUM(C107:G107) -> 0
B108: Qty to enter in CPQ (annual) | C108: =C107 -> 0 | D108: =D107 -> 0 | E108: =E107 -> 0 | F108: =F107 -> 0 | G108: =G107 -> 0
A109: Deal discount | B109: List price | C109: =C107*'Master data'!$B$2 -> 0 | D109: =D107*'Master data'!$B$2 -> 0 | E109: =E107*'Master data'!$B$2 -> 0 | F109: =F107*'Master data'!$B$2 -> 0 | G109: =G107*'Master data'!$B$2 -> 0 | H109: =SUM(C109:G109) -> 0
A110: 0 | B110: Discounted price | C110: =C109*(1-$A110) -> 0 | D110: =D109*(1-$A110) -> 0 | E110: =E109*(1-$A110) -> 0 | F110: =F109*(1-$A110) -> 0 | G110: =G109*(1-$A110) -> 0 | H110: =SUM(C110:G110) -> 0
...

Sheet Master data
A1: Master data | G1: Calculator
A2: Price per RU | B2: 40.08
H3: Year 1 | I3: Year 2 | J3: Year 3 | K3: Year 4 | L3: Year 5
A4: Integration | B4: RUs/mth | G4: Qty | H4: ='What to buy '!C13 -> 0 | I4: ='What to buy '!D13 -> 0 | J4: ='What to buy '!E13 -> 0 | K4: ='What to buy '!F13 -> 0 | L4: ='What to buy '!G13 -> 0
A5: Environment | B5: 60 | G5: RUs | H5: =ROUNDUP(IF(H4>$C8,$C8,H4)/$E8,0)*$D8+ROUNDUP(IF(H4>$C8,H4-$C8,0)/$E9,0)*$D9 -> 0 | I5: =ROUNDUP(IF(I4>$C8,$C8,I4)/$E8,0)*$D8+ROUNDUP(IF(I4>$C8,I4-$C8,0)/$E9,0)*$D9 -> 0 | J5: =ROUNDUP(IF(J4>$C8,$C8,J4)/$E8,0)*$D8+ROUNDUP(IF(J4>$C8,J4-$C8,0)/$E9,0)*$D9 -> 0 | K5: =ROUNDUP(IF(K4>$C8,$C8,K4)/$E8,0)*$D8+ROUNDUP(IF(K4>$C8,K4-$C8,0)/$E9,0)*$D9 -> 0 | L5: =ROUNDUP(IF(L4>$C8,$C8,L4)/$E8,0)*$D8+ROUNDUP(IF(L4>$C8,L4-$C8,0)/$E9,0)*$D9 -> 0
A6: Runtime | B6: 5
B7: From | C7: To | D7: RUs | E7: Per
A8: Transactions | B8: 0 | C8: 100000000 | D8: 4 | E8: 100000
B9: =C8+1 -> 100000001 | C9: 999999999999 | D9: 1 | E9: =E8 -> 100000
A10: Integration - non-prod | B10: RUs/mth | G10: Qty | H10: ='What to buy '!C15 -> 0 | I10: ='What to buy '!D15 -> 0 | J10: ='What to buy '!E15 -> 0 | K10: ='What to buy '!F15 -> 0 | L10: ='What to buy '!G15 -> 0
G11: RUs | H11: =ROUNDUP(IF(H10>$C14,$C14,H10)/$E14,0)*$D14+ROUNDUP(IF(H10>$C14,H10-$C14,0)/$E15,0)*$D15 -> 0 | I11: =ROUNDUP(IF(I10>$C14,$C14,I10)/$E14,0)*$D14+ROUNDUP(IF(I10>$C14,I10-$C14,0)/$E15,0)*$D15 -> 0 | J11: =ROUNDUP(IF(J10>$C14,$C14,J10)/$E14,0)*$D14+ROUNDUP(IF(J10>$C14,J10-$C14,0)/$E15,0)*$D15 -> 0 | K11: =ROUNDUP(IF(K10>$C14,$C14,K10)/$E14,0)*$D14+ROUNDUP(IF(K10>$C14,K10-$C14,0)/$E15,0)*$D15 -> 0 | L11: =ROUNDUP(IF(L10>$C14,$C14,L10)/$E14,0)*$D14+ROUNDUP(IF(L10>$C14,L10-$C14,0)/$E15,0)*$D15 -> 0
B13: From | C13: To | D13: RUs | E13: Per
A14: Transactions | B14: 0 | C14: 100000000 | D14: 4 | E14: 200000
B15: =C14+1 -> 100000001 | C15: 999999999999 | D15: 1 | E15: =E14 -> 200000
A21: API Management | B21: RUs/mth | G21: Qty | H21: ='What to buy '!C26 -> 0 | I21: ='What to buy '!D26 -> 0 | J21: ='What to buy '!E26 -> 0 | K21: ='What to buy '!F26 -> 0 | L21: ='What to buy '!G26 -> 0
A22: Environment | B22: 50 | G22: RUs | H22: =ROUNDUP(IF(H21>$C24,$C24,H21)/$E24,0)*$D24+ROUNDUP(IF(H21>$C24,H21-$C24,0)/$E25,0)*$D25 -> 0 | I22: =ROUNDUP(IF(I21>$C24,$C24,I21)/$E24,0)*$D24+ROUNDUP(IF(I21>$C24,I21-$C24,0)/$E25,0)*$D25 -> 0 | J22: =ROUNDUP(IF(J21>$C24,$C24,J21)/$E24,0)*$D24+ROUNDUP(IF(J21>$C24,J21-$C24,0)/$E25,0)*$D25 -> 0 | K22: =ROUNDUP(IF(K21>$C24,$C24,K21)/$E24,0)*$D24+ROUNDUP(IF(K21>$C24,K21-$C24,0)/$E25,0)*$D25 -> 0 | L22: =ROUNDUP(IF(L21>$C24,$C24,L21)/$E24,0)*$D24+ROUNDUP(IF(L21>$C24,L21-$C24,0)/$E25,0)*$D25 -> 0
B23: From | C23: To | D23: RUs | E23: Per
A24: Transactions | B24: 0 | C24: 1000000000 | D24: 3 | E24: 1000000
B25: =C24+1 -> 1000000001 | C25: 999999999999 | D25: 2 | E25: =E24 -> 1000000
A26: API Management - non-prod | B26: RUs/mth | G26: Qty | H26: ='What to buy '!C28 -> 0 | I26: ='What to buy '!D28 -> 0 | J26: ='What to buy '!E28 -> 0 | K26: ='What to buy '!F28 -> 0 | L26: ='What to buy '!G28 -> 0
G27: RUs | H27: =ROUNDUP(IF(H26>$C29,$C29,H26)/$E29,0)*$D29+ROUNDUP(IF(H26>$C29,H26-$C29,0)/$E30,0)*$D30 -> 0 | I27: =ROUNDUP(IF(I26>$C29,$C29,I26)/$E29,0)*$D29+ROUNDUP(IF(I26>$C29,I26-$C29,0)/$E30,0)*$D30 -> 0 | J27: =ROUNDUP(IF(J26>$C29,$C29,J26)/$E29,0)*$D29+ROUNDUP(IF(J26>$C29,J26-$C29,0)/$E30,0)*$D30 -> 0 | K27: =ROUNDUP(IF(K26>$C29,$C29,K26)/$E29,0)*$D29+ROUNDUP(IF(K26>$C29,K26-$C29,0)/$E30,0)*$D30 -> 0 | L27: =ROUNDUP(IF(L26>$C29,$C29,L26)/$E29,0)*$D29+ROUNDUP(IF(L26>$C29,L26-$C29,0)/$E30,0)*$D30 -> 0
B28: From | C28: To | D28: RUs | E28: Per
A29: Transactions | B29: 0 | C29: 1000000000 | D29: 3 | E29: 2000000
B30: =C29+1 -> 1000000001 | C30: 999999999999 | D30: 2 | E30: =E29 -> 2000000
A36: B2B | B36: RUs/mth | G36: Qty | H36: ='What to buy '!C39 -> 0 | I36: ='What to buy '!D39 -> 0 | J36: ='What to buy '!E39 -> 0 | K36: ='What to buy '!F39 -> 0 | L36: ='What to buy '!G39 -> 0
A37: Environment | B37: 60 | G37: RUs | H37: =ROUNDUP(IF(H36>$C39,$C39,H36)/$E39,0)*$D39+ROUNDUP(IF(H36>$C39,H36-$C39,0)/$E40,0)*$D40 -> 0 | I37: =ROUNDUP(IF(I36>$C39,$C39,I36)/$E39,0)*$D39+ROUNDUP(IF(I36>$C39,I36-$C39,0)/$E40,0)*$D40 -> 0 | J37: =ROUNDUP(IF(J36>$C39,$C39,J36)/$E39,0)*$D39+ROUNDUP(IF(J36>$C39,J36-$C39,0)/$E40,0)*$D40 -> 0 | K37: =ROUNDUP(IF(K36>$C39,$C39,K36)/$E39,0)*$D39+ROUNDUP(IF(K36>$C39,K36-$C39,0)/$E40,0)*$D40 -> 0 | L37: =ROUNDUP(IF(L36>$C39,$C39,L36)/$E39,0)*$D39+ROUNDUP(IF(L36>$C39,L36-$C39,0)/$E40,0)*$D40 -> 0
B38: From | C38: To | D38: RUs | E38: Per
A39: Transactions | B39: 0 | C39: 100000000 | D39: 4 | E39: 100000
B40: =C39+1 -> 100000001 | C40: 999999999999 | D40: 1 | E40: =E39 -> 100000
A41: B2B - non-prod | B41: RUs/mth | G41: Qty | H41: ='What to buy '!C41 -> 0 | I41: ='What to buy '!D41 -> 0 | J41: ='What to buy '!E41 -> 0 | K41: ='What to buy '!F41 -> 0 | L41: ='What to buy '!G41 -> 0
G42: RUs | H42: =ROUNDUP(IF(H41>$C44,$C44,H41)/$E44,0)*$D44+ROUNDUP(IF(H41>$C44,H41-$C44,0)/$E45,0)*$D45 -> 0 | I42: =ROUNDUP(IF(I41>$C44,$C44,I41)/$E44,0)*$D44+ROUNDUP(IF(I41>$C44,I41-$C44,0)/$E45,0)*$D45 -> 0 | J42: =ROUNDUP(IF(J41>$C44,$C44,J41)/$E44,0)*$D44+ROUNDUP(IF(J41>$C44,J41-$C44,0)/$E45,0)*$D45 -> 0 | K42: =ROUNDUP(IF(K41>$C44,$C44,K41)/$E44,0)*$D44+ROUNDUP(IF(K41>$C44,K41-$C44,0)/$E45,0)*$D45 -> 0 | L42: =ROUNDUP(IF(L41>$C44,$C44,L41)/$E44,0)*$D44+ROUNDUP(IF(L41>$C44,L41-$C44,0)/$E45,0)*$D45 -> 0
B43: From | C43: To | D43: RUs | E43: Per
A44: Transactions | B44: 0 | C44: 100000000 | D44: 4 | E44: 200000
B45: =C44+1 -> 100000001 | C45: 999999999999 | D45: 1 | E45: =E44 -> 200000
A48: VAN | B48: RUs/mth | G48: Qty | H48: ='What to buy '!C43 -> 0 | I48: ='What to buy '!D43 -> 0 | J48: ='What to buy '!E43 -> 0 | K48: ='What to buy '!F43 -> 0 | L48: ='What to buy '!G43 -> 0
A49: Environment | B49: N/A | G49: RUs | H49: =ROUNDUP(IF(H48>$C51,$C51,H48)/$E51,0)*$D51+ROUNDUP(IF(H48>$C51,H48-$C51,0)/$E52,0)*$D52 -> 0 | I49: =ROUNDUP(IF(I48>$C51,$C51,I48)/$E51,0)*$D51+ROUNDUP(IF(I48>$C51,I48-$C51,0)/$E52,0)*$D52 -> 0 | J49: =ROUNDUP(IF(J48>$C51,$C51,J48)/$E51,0)*$D51+ROUNDUP(IF(J48>$C51,J48-$C51,0)/$E52,0)*$D52 -> 0 | K49: =ROUNDUP(IF(K48>$C51,$C51,K48)/$E51,0)*$D51+ROUNDUP(IF(K48>$C51,K48-$C51,0)/$E52,0)*$D52 -> 0 | L49: =ROUNDUP(IF(L48>$C51,$C51,L48)/$E51,0)*$D51+ROUNDUP(IF(L48>$C51,L48-$C51,0)/$E52,0)*$D52 -> 0
B50: From | C50: To | D50: RUs | E50: Per
A51: Transactions | B51: 0 | C51: 1000000 | D51: 30 | E51: 10000
B52: =C51+1 -> 1000001 | C52: 999999999999 | D52: 10 | E52: =E51 -> 10000
A53: VAN - non-prod | B53: RUs/mth | G53: Qty | H53: ='What to buy '!C45 -> 0 | I53: ='What to buy '!D45 -> 0 | J53: ='What to buy '!E45 -> 0 | K53: ='What to buy '!F45 -> 0 | L53: ='What to buy '!G45 -> 0
G54: RUs | H54: =ROUNDUP(IF(H53>$C56,$C56,H53)/$E56,0)*$D56+ROUNDUP(IF(H53>$C56,H53-$C56,0)/$E57,0)*$D57 -> 0 | I54: =ROUNDUP(IF(I53>$C56,$C56,I53)/$E56,0)*$D56+ROUNDUP(IF(I53>$C56,I53-$C56,0)/$E57,0)*$D57 -> 0 | J54: =ROUNDUP(IF(J53>$C56,$C56,J53)/$E56,0)*$D56+ROUNDUP(IF(J53>$C56,J53-$C56,0)/$E57,0)*$D57 -> 0 | K54: =ROUNDUP(IF(K53>$C56,$C56,K53)/$E56,0)*$D56+ROUNDUP(IF(K53>$C56,K53-$C56,0)/$E57,0)*$D57 -> 0 | L54: =ROUNDUP(IF(L53>$C56,$C56,L53)/$E56,0)*$D56+ROUNDUP(IF(L53>$C56,L53-$C56,0)/$E57,0)*$D57 -> 0
B55: From | C55: To | D55: RUs | E55: Per
A56: Transactions | B56: 0 | C56: 1000000 | D56: 30 | E56: 20000
B57: =C56+1 -> 1000001 | C57: 999999999999 | D57: 10 | E57: =E56 -> 20000
A62: MFT | B62: RUs/mth | G62: Qty | H62: ='What to buy '!C56 -> 0 | I62: ='What to buy '!D56 -> 0 | J62: ='What to buy '!E56 -> 0 | K62: ='What to buy '!F56 -> 0 | L62: ='What to buy '!G56 -> 0
A63: Environment | B63: 60 | G63: RUs | H63: =ROUNDUP(IF(H62>$C65,$C65,H62)/$E65,0)*$D65+ROUNDUP(IF(H62>$C65,H62-$C65,0)/$E66,0)*$D66 -> 0 | I63: =ROUNDUP(IF(I62>$C65,$C65,I62)/$E65,0)*$D65+ROUNDUP(IF(I62>$C65,I62-$C65,0)/$E66,0)*$D66 -> 0 | J63: =ROUNDUP(IF(J62>$C65,$C65,J62)/$E65,0)*$D65+ROUNDUP(IF(J62>$C65,J62-$C65,0)/$E66,0)*$D66 -> 0 | K63: =ROUNDUP(IF(K62>$C65,$C65,K62)/$E65,0)*$D65+ROUNDUP(IF(K62>$C65,K62-$C65,0)/$E66,0)*$D66 -> 0 | L63: =ROUNDUP(IF(L62>$C65,$C65,L62)/$E65,0)*$D65+ROUNDUP(IF(L62>$C65,L62-$C65,0)/$E66,0)*$D66 -> 0
B64: From | C64: To | D64: RUs | E64: Per
A65: Transactions | B65: 0 | C65: 100000000 | D65: 4 | E65: 100000
B66: =C65+1 -> 100000001 | C66: 999999999999 | D66: 1 | E66: =E65 -> 100000
A67: MFT - non-prod | B67: RUs/mth | G67: Qty | H67: ='What to buy '!C58 -> 0 | I67: ='What to buy '!D58 -> 0 | J67: ='What to buy '!E58 -> 0 | K67: ='What to buy '!F58 -> 0 | L67: ='What to buy '!G58 -> 0
G68: RUs | H68: =ROUNDUP(IF(H67>$C70,$C70,H67)/$E70,0)*$D70+ROUNDUP(IF(H67>$C70,H67-$C70,0)/$E71,0)*$D71 -> 0 | I68: =ROUNDUP(IF(I67>$C70,$C70,I67)/$E70,0)*$D70+ROUNDUP(IF(I67>$C70,I67-$C70,0)/$E71,0)*$D71 -> 0 | J68: =ROUNDUP(IF(J67>$C70,$C70,J67)/$E70,0)*$D70+ROUNDUP(IF(J67>$C70,J67-$C70,0)/$E71,0)*$D71 -> 0 | K68: =ROUNDUP(IF(K67>$C70,$C70,K67)/$E70,0)*$D70+ROUNDUP(IF(K67>$C70,K67-$C70,0)/$E71,0)*$D71 -> 0 | L68: =ROUNDUP(IF(L67>$C70,$C70,L67)/$E70,0)*$D70+ROUNDUP(IF(L67>$C70,L67-$C70,0)/$E71,0)*$D71 -> 0
B69: From | C69: To | D69: RUs | E69: Per
A70: Transactions | B70: 0 | C70: 100000000 | D70: 4 | E70: 200000
B71: =C70+1 -> 100000001 | C71: 999999999999 | D71: 1 | E71: =E70 -> 200000
A77: Event Endpoint Mgmt | B77: RUs/mth | G77: Qty | H77: ='What to buy '!C69 -> 0 | I77: ='What to buy '!D69 -> 0 | J77: ='What to buy '!E69 -> 0 | K77: ='What to buy '!F69 -> 0 | L77: ='What to buy '!G69 -> 0
A78: Environment | B78: 50 | G78: RUs | H78: =ROUNDUP(IF(H77>$C80,$C80,H77)/$E80,0)*$D80+ROUNDUP(IF(H77>$C80,H77-$C80,0)/$E81,0)*$D81 -> 0 | I78: =ROUNDUP(IF(I77>$C80,$C80,I77)/$E80,0)*$D80+ROUNDUP(IF(I77>$C80,I77-$C80,0)/$E81,0)*$D81 -> 0 | J78: =ROUNDUP(IF(J77>$C80,$C80,J77)/$E80,0)*$D80+ROUNDUP(IF(J77>$C80,J77-$C80,0)/$E81,0)*$D81 -> 0 | K78: =ROUNDUP(IF(K77>$C80,$C80,K77)/$E80,0)*$D80+ROUNDUP(IF(K77>$C80,K77-$C80,0)/$E81,0)*$D81 -> 0 | L78: =ROUNDUP(IF(L77>$C80,$C80,L77)/$E80,0)*$D80+ROUNDUP(IF(L77>$C80,L77-$C80,0)/$E81,0)*$D81 -> 0
B79: From | C79: To | D79: RUs | E79: Per
A80: Transactions | B80: 0 | C80: 1000000000 | D80: 3 | E80: 1000000
B81: =C80+1 -> 1000000001 | C81: 999999999999 | D81: 2 | E81: =E80 -> 1000000
A82: Event Endpoint Mgmt - non-prod | B82: RUs/mth | G82: Qty | H82: ='What to buy '!C71 -> 0 | I82: ='What to buy '!D71 -> 0 | J82: ='What to buy '!E71 -> 0 | K82: ='What to buy '!F71 -> 0 | L82: ='What to buy '!G71 -> 0
G83: RUs | H83: =ROUNDUP(IF(H82>$C85,$C85,H82)/$E85,0)*$D85+ROUNDUP(IF(H82>$C85,H82-$C85,0)/$E86,0)*$D86 -> 0 | I83: =ROUNDUP(IF(I82>$C85,$C85,I82)/$E85,0)*$D85+ROUNDUP(IF(I82>$C85,I82-$C85,0)/$E86,0)*$D86 -> 0 | J83: =ROUNDUP(IF(J82>$C85,$C85,J82)/$E85,0)*$D85+ROUNDUP(IF(J82>$C85,J82-$C85,0)/$E86,0)*$D86 -> 0 | K83: =ROUNDUP(IF(K82>$C85,$C85,K82)/$E85,0)*$D85+ROUNDUP(IF(K82>$C85,K82-$C85,0)/$E86,0)*$D86 -> 0 | L83: =ROUNDUP(IF(L82>$C85,$C85,L82)/$E85,0)*$D85+ROUNDUP(IF(L82>$C85,L82-$C85,0)/$E86,0)*$D86 -> 0
B84: From | C84: To | D84: RUs | E84: Per
A85: Transactions | B85: 0 | C85: 1000000000 | D85: 3 | E85: 2000000
B86: =C85+1 -> 1000000001 | C86: 999999999999 | D86: 2 | E86: =E85 -> 2000000
A90: Hybrid Control Plane | B90: RUs/mth | G90: Qty | H90: ='What to buy '!C90 -> 0 | I90: ='What to buy '!D90 -> 0 | J90: ='What to buy '!E90 -> 0 | K90: ='What to buy '!F90 -> 0 | L90: ='What to buy '!G90 -> 0
G91: RUs | H91: =ROUNDUP(IF(H90>$C93,$C93,H90)/$E93,0)*$D93+ROUNDUP(IF(H90>$C93,H90-$C93,0)/$E94,0)*$D94 -> 0 | I91: =ROUNDUP(IF(I90>$C93,$C93,I90)/$E93,0)*$D93+ROUNDUP(IF(I90>$C93,I90-$C93,0)/$E94,0)*$D94 -> 0 | J91: =ROUNDUP(IF(J90>$C93,$C93,J90)/$E93,0)*$D93+ROUNDUP(IF(J90>$C93,J90-$C93,0)/$E94,0)*$D94 -> 0 | K91: =ROUNDUP(IF(K90>$C93,$C93,K90)/$E93,0)*$D93+ROUNDUP(IF(K90>$C93,K90-$C93,0)/$E94,0)*$D94 -> 0 | L91: =ROUNDUP(IF(L90>$C93,$C93,L90)/$E93,0)*$D93+ROUNDUP(IF(L90>$C93,L90-$C93,0)/$E94,0)*$D94 -> 0
B92: From | C92: To | D92: RUs | E92: Per
A93: Connections | B93: 0 | C93: 100 | D93: 2 | E93: 1
B94: =C93+1 -> 101 | C94: 999999999999 | D94: 1 | E94: 1
A97: GraphQL | B97: RUs/mth | G97: Qty | H97: ='What to buy '!C82 -> 0 | I97: ='What to buy '!D82 -> 0 | J97: ='What to buy '!E82 -> 0 | K97: ='What to buy '!F82 -> 0 | L97: ='What to buy '!G82 -> 0
A98: Environment | B98: 15 | G98: RUs | H98: =ROUNDUP(IF(H97>$C100,$C100,H97)/$E100,0)*$D100+ROUNDUP(IF(H97>$C100,H97-$C100,0)/$E101,0)*$D101 -> 0 | I98: =ROUNDUP(IF(I97>$C100,$C100,I97)/$E100,0)*$D100+ROUNDUP(IF(I97>$C100,I97-$C100,0)/$E101,0)*$D101 -> 0 | J98: =ROUNDUP(IF(J97>$C100,$C100,J97)/$E100,0)*$D100+ROUNDUP(IF(J97>$C100,J97-$C100,0)/$E101,0)*$D101 -> 0 | K98: =ROUNDUP(IF(K97>$C100,$C100,K97)/$E100,0)*$D100+ROUNDUP(IF(K97>$C100,K97-$C100,0)/$E101,0)*$D101 -> 0 | L98: =ROUNDUP(IF(L97>$C100,$C100,L97)/$E100,0)*$D100+ROUNDUP(IF(L97>$C100,L97-$C100,0)/$E101,0)*$D101 -> 0
B99: From | C99: To | D99: RUs | E99: Per
A100: Transactions | B100: 0 | C100: 1000000000 | D100: 5 | E100: 1000000
B101: =C100+1 -> 1000000001 | C101: 999999999999 | D101: 3 | E101: =E100 -> 1000000
A102: GraphQL - non-prod | B102: RUs/mth | G102: Qty | H102: ='What to buy '!C84 -> 0 | I102: ='What to buy '!D84 -> 0 | J102: ='What to buy '!E84 -> 0 | K102: ='What to buy '!F84 -> 0 | L102: ='What to buy '!G84 -> 0
G103: RUs | H103: =ROUNDUP(IF(H102>$C105,$C105,H102)/$E105,0)*$D105+ROUNDUP(IF(H102>$C105,H102-$C105,0)/$E106,0)*$D106 -> 0 | I103: =ROUNDUP(IF(I102>$C105,$C105,I102)/$E105,0)*$D105+ROUNDUP(IF(I102>$C105,I102-$C105,0)/$E106,0)*$D106 -> 0 | J103: =ROUNDUP(IF(J102>$C105,$C105,J102)/$E105,0)*$D105+ROUNDUP(IF(J102>$C105,J102-$C105,0)/$E106,0)*$D106 -> 0 | K103: =ROUNDUP(IF(K102>$C105,$C105,K102)/$E105,0)*$D105+ROUNDUP(IF(K102>$C105,K102-$C105,0)/$E106,0)*$D106 -> 0 | L103: =ROUNDUP(IF(L102>$C105,$C105,L102)/$E105,0)*$D105+ROUNDUP(IF(L102>$C105,L102-$C105,0)/$E106,0)*$D106 -> 0
B104: From | C104: To | D104: RUs | E104: Per
A105: Transactions | B105: 0 | C105: 1000000000 | D105: 5 | E105: 2000000
B106: =C105+1 -> 1000000001 | C106: 999999999999 | D106: 3 | E106: =E105 -> 2000000
A109: Private Network Connections | B109: RUs/mth
A110: env | B110: 5 | G110: Dev | H110: =_xlfn.LET(_xlpm.months,MAX(IF('What to buy '!$H7,'What to buy '!C7,0), IF('What to buy '!$H21,'What to buy '!C21,0), IF('What to buy '!$H34,'What to buy '!C34,0), IF('What to buy '!$H51,'What to buy '!C51,0), IF('What to buy '!$H64,'What to buy '!C64,0), IF('What to buy '!$H77,'What to buy '!C77,0)), _xlpm.months) -> 0 | I110: =_xlfn.LET(_xlpm.months,MAX(IF('What to buy '!$H7,'What to buy '!D7,0), IF('What to buy '!$H21,'What to buy '!D21,0), IF('What to buy '!$H34,'What to buy '!D34,0), IF('What to buy '!$H51,'What to buy '!D51,0), IF('What to buy '!$H64,'What to buy '!D64,0), IF('What to buy '!$H77,'What to buy '!D77,0)), _xlpm.months) -> 0 | J110: =_xlfn.LET(_xlpm.months,MAX(IF('What to buy '!$H7,'What to buy '!E7,0), IF('What to buy '!$H21,'What to buy '!E21,0), IF('What to buy '!$H34,'What to buy '!E34,0), IF('What to buy '!$H51,'What to buy '!E51,0), IF('What to buy '!$H64,'What to buy '!E64,0), IF('What to buy '!$H77,'What to buy '!E77,0)), _xlpm.months) -> 0 | K110: =_xlfn.LET(_xlpm.months,MAX(IF('What to buy '!$H7,'What to buy '!F7,0), IF('What to buy '!$H21,'What to buy '!F21,0), IF('What to buy '!$H34,'What to buy '!F34,0), IF('What to buy '!$H51,'What to buy '!F51,0), IF('What to buy '!$H64,'What to buy '!F64,0), IF('What to buy '!$H77,'What to buy '!F77,0)), _xlpm.months) -> 0 | L110: =_xlfn.LET(_xlpm.months,MAX(IF('What to buy '!$H7,'What to buy '!G7,0), IF('What to buy '!$H21,'What to buy '!G21,0), IF('What to buy '!$H34,'What to buy '!G34,0), IF('What to buy '!$H51,'What to buy '!G51,0), IF('What to buy '!$H64,'What to buy '!G64,0), IF('What to buy '!$H77,'What to buy '!G77,0)), _xlpm.months) -> 0
G111: Test | H111: =_xlfn.LET(_xlpm.months,MAX(IF('What to buy '!$H8,'What to buy '!C8,0), IF('What to buy '!$H22,'What to buy '!C22,0), IF('What to buy '!$H35,'What to buy '!C35,0), IF('What to buy '!$H52,'What to buy '!C52,0), IF('What to buy '!$H65,'What to buy '!C65,0), IF('What to buy '!$H78,'What to buy '!C78,0)), _xlpm.months) -> 0 | I111: =_xlfn.LET(_xlpm.months,MAX(IF('What to buy '!$H8,'What to buy '!D8,0), IF('What to buy '!$H22,'What to buy '!D22,0), IF('What to buy '!$H35,'What to buy '!D35,0), IF('What to buy '!$H52,'What to buy '!D52,0), IF('What to buy '!$H65,'What to buy '!D65,0), IF('What to buy '!$H78,'What to buy '!D78,0)), _xlpm.months) -> 0 | J111: =_xlfn.LET(_xlpm.months,MAX(IF('What to buy '!$H8,'What to buy '!E8,0), IF('What to buy '!$H22,'What to buy '!E22,0), IF('What to buy '!$H35,'What to buy '!E35,0), IF('What to buy '!$H52,'What to buy '!E52,0), IF('What to buy '!$H65,'What to buy '!E65,0), IF('What to buy '!$H78,'What to buy '!E78,0)), _xlpm.months) -> 0 | K111: =_xlfn.LET(_xlpm.months,MAX(IF('What to buy '!$H8,'What to buy '!F8,0), IF('What to buy '!$H22,'What to buy '!F22,0), IF('What to buy '!$H35,'What to buy '!F35,0), IF('What to buy '!$H52,'What to buy '!F52,0), IF('What to buy '!$H65,'What to buy '!F65,0), IF('What to buy '!$H78,'What to buy '!F78,0)), _xlpm.months) -> 0 | L111: =_xlfn.LET(_xlpm.months,MAX(IF('What to buy '!$H8,'What to buy '!G8,0), IF('What to buy '!$H22,'What to buy '!G22,0), IF('What to buy '!$H35,'What to buy '!G35,0), IF('What to buy '!$H52,'What to buy '!G52,0), IF('What to buy '!$H65,'What to buy '!G65,0), IF('What to buy '!$H78,'What to buy '!G78,0)), _xlpm.months) -> 0
G112: Prod | H112: =_xlfn.LET(_xlpm.months,MAX(IF('What to buy '!$H9,'What to buy '!C9,0), IF('What to buy '!$H23,'What to buy '!C23,0), IF('What to buy '!$H36,'What to buy '!C36,0), IF('What to buy '!$H53,'What to buy '!C53,0), IF('What to buy '!$H66,'What to buy '!C66,0), IF('What to buy '!$H79,'What to buy '!C79,0)), _xlpm.months) -> 0 | I112: =_xlfn.LET(_xlpm.months,MAX(IF('What to buy '!$H9,'What to buy '!D9,0), IF('What to buy '!$H23,'What to buy '!D23,0), IF('What to buy '!$H36,'What to buy '!D36,0), IF('What to buy '!$H53,'What to buy '!D53,0), IF('What to buy '!$H66,'What to buy '!D66,0), IF('What to buy '!$H79,'What to buy '!D79,0)), _xlpm.months) -> 0 | J112: =_xlfn.LET(_xlpm.months,MAX(IF('What to buy '!$H9,'What to buy '!E9,0), IF('What to buy '!$H23,'What to buy '!E23,0), IF('What to buy '!$H36,'What to buy '!E36,0), IF('What to buy '!$H53,'What to buy '!E53,0), IF('What to buy '!$H66,'What to buy '!E66,0), IF('What to buy '!$H79,'What to buy '!E79,0)), _xlpm.months) -> 0 | K112: =_xlfn.LET(_xlpm.months,MAX(IF('What to buy '!$H9,'What to buy '!F9,0), IF('What to buy '!$H23,'What to buy '!F23,0), IF('What to buy '!$H36,'What to buy '!F36,0), IF('What to buy '!$H53,'What to buy '!F53,0), IF('What to buy '!$H66,'What to buy '!F66,0), IF('What to buy '!$H79,'What to buy '!F79,0)), _xlpm.months) -> 0 | L112: =_xlfn.LET(_xlpm.months,MAX(IF('What to buy '!$H9,'What to buy '!G9,0), IF('What to buy '!$H23,'What to buy '!G23,0), IF('What to buy '!$H36,'What to buy '!G36,0), IF('What to buy '!$H53,'What to buy '!G53,0), IF('What to buy '!$H66,'What to buy '!G66,0), IF('What to buy '!$H79,'What to buy '!G79,0)), _xlpm.months) -> 0
G113: env months | H113: =SUM(H110:H112) -> 0 | I113: =SUM(I110:I112) -> 0 | J113: =SUM(J110:J112) -> 0 | K113: =SUM(K110:K112) -> 0 | L113: =SUM(L110:L112) -> 0
G114: RUs | H114: =H113*$B$110 -> 0 | I114: =I113*$B$74 -> 0 | J114: =J113*$B$74 -> 0 | K114: =K113*$B$74 -> 0 | L114: =L113*$B$74 -> 0
G116: Int | H116: =IF('What to buy '!$H10,'What to buy '!C10, 0) -> 0 | I116: =IF('What to buy '!$H7,'What to buy '!D10, 0) -> 0 | J116: =IF('What to buy '!$H7,'What to buy '!E10, 0) -> 0 | K116: =IF('What to buy '!$H7,'What to buy '!F10, 0) -> 0 | L116: =IF('What to buy '!$H7,'What to buy '!G10, 0) -> 0
G117: API | H117: =IF('What to buy '!$H24,'What to buy '!C24, 0) -> 0 | I117: =IF('What to buy '!$H24,'What to buy '!D24, 0) -> 0 | J117: =IF('What to buy '!$H24,'What to buy '!E24, 0) -> 0 | K117: =IF('What to buy '!$H24,'What to buy '!F24, 0) -> 0 | L117: =IF('What to buy '!$H24,'What to buy '!G24, 0) -> 0
G118: B2B | H118: =IF('What to buy '!H37,'What to buy '!C37, 0) -> 0 | I118: =IF('What to buy '!I37,'What to buy '!D37, 0) -> 0 | J118: =IF('What to buy '!J37,'What to buy '!E37, 0) -> 0 | K118: =IF('What to buy '!K37,'What to buy '!F37, 0) -> 0 | L118: =IF('What to buy '!L37,'What to buy '!G37, 0) -> 0
G119: MFT | H119: =IF('What to buy '!$H54,'What to buy '!C54, 0) -> 0 | I119: =IF('What to buy '!$H54,'What to buy '!D54, 0) -> 0 | J119: =IF('What to buy '!$H54,'What to buy '!E54, 0) -> 0 | K119: =IF('What to buy '!$H54,'What to buy '!F54, 0) -> 0 | L119: =IF('What to buy '!$H54,'What to buy '!G54, 0) -> 0
G120: EEM | H120: =IF('What to buy '!$H67,'What to buy '!C67, 0) -> 0 | I120: =IF('What to buy '!$H67,'What to buy '!D67, 0) -> 0 | J120: =IF('What to buy '!$H67,'What to buy '!E67, 0) -> 0 | K120: =IF('What to buy '!$H67,'What to buy '!F67, 0) -> 0 | L120: =IF('What to buy '!$H67,'What to buy '!G67, 0) -> 0
G121: GraphQL | H121: =IF('What to buy '!$H80,'What to buy '!C80, 0) -> 0 | I121: =IF('What to buy '!$H80,'What to buy '!D80, 0) -> 0 | J121: =IF('What to buy '!$H80,'What to buy '!E80, 0) -> 0 | K121: =IF('What to buy '!$H80,'What to buy '!F80, 0) -> 0 | L121: =IF('What to buy '!$H80,'What to buy '!G80, 0) -> 0
G123: Max addl envs | H123: =MAX(H116:H121) -> 0 | I123: =MAX(I116:I121) -> 0 | J123: =MAX(J116:J121) -> 0 | K123: =MAX(K116:K121) -> 0 | L123: =MAX(L116:L121) -> 0
G124: Addl env RUs | H124: =H123*12*$B$110 -> 0 | I124: =I123*12*$B$110 -> 0 | J124: =J123*12*$B$110 -> 0 | K124: =K123*12*$B$110 -> 0 | L124: =L123*12*$B$110 -> 0
G125: Total | H125: =H124+H114 -> 0 | I125: =I124+I114 -> 0 | J125: =J124+J114 -> 0 | K125: =K124+K114 -> 0 | L125: =L124+L114 -> 0
A128: DIG - Prod | G128: Qty | H128: ='What to buy '!C99 -> 0 | I128: ='What to buy '!D99 -> 0 | J128: ='What to buy '!E99 -> 0 | K128: ='What to buy '!F99 -> 0 | L128: ='What to buy '!G99 -> 0
G129: RUs | H129: =ROUNDUP(IF(H128>$C131,$C131,H128)/$E131,0)*$D131+ROUNDUP(IF(H128>$C131,H128-$C131,0)/$E132,0)*$D132 -> 0 | I129: =ROUNDUP(IF(I128>$C131,$C131,I128)/$E131,0)*$D131+ROUNDUP(IF(I128>$C131,I128-$C131,0)/$E132,0)*$D132 -> 0 | J129: =ROUNDUP(IF(J128>$C131,$C131,J128)/$E131,0)*$D131+ROUNDUP(IF(J128>$C131,J128-$C131,0)/$E132,0)*$D132 -> 0 | K129: =ROUNDUP(IF(K128>$C131,$C131,K128)/$E131,0)*$D131+ROUNDUP(IF(K128>$C131,K128-$C131,0)/$E132,0)*$D132 -> 0 | L129: =ROUNDUP(IF(L128>$C131,$C131,L128)/$E131,0)*$D131+ROUNDUP(IF(L128>$C131,L128-$C131,0)/$E132,0)*$D132 -> 0
B130: From | C130: To | D130: RUs | E130: Per
A131: Transactions | B131: 0 | C131: 1000000000 | D131: 6 | E131: 1000000
B132: =C131+1 -> 1000000001 | C132: 999999999999 | D132: 4 | E132: =E131 -> 1000000
A133: DIG Non-Prod | G133: Qty | H133: ='What to buy '!C101 -> 0 | I133: ='What to buy '!D101 -> 0 | J133: ='What to buy '!E101 -> 0 | K133: ='What to buy '!F101 -> 0 | L133: ='What to buy '!G101 -> 0
...
