Workbook

Sheet What to buy 
A1: IBM webMethods Hyb Int Software Sizing Calculator | E1: NOTE: This sheet is only for use with IBM webMethods Hybrid Integration Software Part D11F7ZX
A2: Use this sheet to determine how many RUs are needed for a given configuration
A3: Instructions: enter values in the blue shaded cells
A5: Integration
C6: Year 1 | D6: Year 2 | E6: Year 3 | F6: Year 4 | G6: Year 5
A7: Integration Transactions | B7: Production tx/year
B8: Production tx/month | C8: =ROUND(C7/12,0) -> 0 | D8: =ROUND(D7/12,0) -> 0 | E8: =ROUND(E7/12,0) -> 0 | F8: =ROUND(F7/12,0) -> 0 | G8: =ROUND(G7/12,0) -> 0
B9: Non-production tx/year | C9: =C7/10 -> 0
B10: Non-production tx/month | C10: =ROUND(C9/12,0) -> 0 | D10: =ROUND(D9/12,0) -> 0 | E10: =ROUND(E9/12,0) -> 0 | F10: =ROUND(F9/12,0) -> 0 | G10: =ROUND(G9/12,0) -> 0
A11: RUs | C11: ='Master data'!H5+'Master data'!H10 -> 0 | D11: ='Master data'!I5+'Master data'!I10 -> 0 | E11: ='Master data'!J5+'Master data'!J10 -> 0 | F11: ='Master data'!K5+'Master data'!K10 -> 0 | G11: ='Master data'!L5+'Master data'!L10 -> 0
A13: API Management
C14: Year 1 | D14: Year 2 | E14: Year 3 | F14: Year 4 | G14: Year 5
A15: API Calls | B15: Production tx/year
B16: Production tx/month | C16: =ROUND(C15/12,0) -> 0 | D16: =ROUND(D15/12,0) -> 0 | E16: =ROUND(E15/12,0) -> 0 | F16: =ROUND(F15/12,0) -> 0 | G16: =ROUND(G15/12,0) -> 0
B17: Non-production tx/year | C17: =C15/10 -> 0
B18: Non-production tx/month | C18: =ROUND(C17/12,0) -> 0 | D18: =ROUND(D17/12,0) -> 0 | E18: =ROUND(E17/12,0) -> 0 | F18: =ROUND(F17/12,0) -> 0 | G18: =ROUND(G17/12,0) -> 0
A19: RUs | C19: ='Master data'!H21+'Master data'!H26 -> 0 | D19: ='Master data'!I21+'Master data'!I26 -> 0 | E19: ='Master data'!J21+'Master data'!J26 -> 0 | F19: ='Master data'!K21+'Master data'!K26 -> 0 | G19: ='Master data'!L21+'Master data'!L26 -> 0
A21: B2B
C22: Year 1 | D22: Year 2 | E22: Year 3 | F22: Year 4 | G22: Year 5
A23: B2B Transactions | B23: Production tx/year
B24: Production tx/month | C24: =ROUND(C23/12,0) -> 0 | D24: =ROUND(D23/12,0) -> 0 | E24: =ROUND(E23/12,0) -> 0 | F24: =ROUND(F23/12,0) -> 0 | G24: =ROUND(G23/12,0) -> 0
B25: Non-production tx/year
B26: Non-production tx/month | C26: =ROUND(C25/12,0) -> 0 | D26: =ROUND(D25/12,0) -> 0 | E26: =ROUND(E25/12,0) -> 0 | F26: =ROUND(F25/12,0) -> 0 | G26: =ROUND(G25/12,0) -> 0
A27: RUs | C27: ='Master data'!H37+'Master data'!H42 -> 0 | D27: ='Master data'!I37+'Master data'!I42 -> 0 | E27: ='Master data'!J37+'Master data'!J42 -> 0 | F27: ='Master data'!K37+'Master data'!K42 -> 0 | G27: ='Master data'!L37+'Master data'!L42 -> 0
A29: MFT
C30: Year 1 | D30: Year 2 | E30: Year 3 | F30: Year 4 | G30: Year 5
A31: MFT Transactions | B31: Production tx/year
B32: Production tx/month | C32: =ROUND(C31/12,0) -> 0 | D32: =ROUND(D31/12,0) -> 0 | E32: =ROUND(E31/12,0) -> 0 | F32: =ROUND(F31/12,0) -> 0 | G32: =ROUND(G31/12,0) -> 0
B33: Non-production tx/year | C33: =C31/10 -> 0
B34: Non-production tx/month | C34: =ROUND(C33/12,0) -> 0 | D34: =ROUND(D33/12,0) -> 0 | E34: =ROUND(E33/12,0) -> 0 | F34: =ROUND(F33/12,0) -> 0 | G34: =ROUND(G33/12,0) -> 0
A35: FASP Transactions | B35: Production tx/year
B36: Production tx/month | C36: =ROUND(C35/12,0) -> 0 | D36: =ROUND(D35/12,0) -> 0 | E36: =ROUND(E35/12,0) -> 0 | F36: =ROUND(F35/12,0) -> 0 | G36: =ROUND(G35/12,0) -> 0
B37: Non-production tx/year | C37: =C35/10 -> 0
B38: Non-production tx/month | C38: =ROUND(C37/12,0) -> 0 | D38: =ROUND(D37/12,0) -> 0 | E38: =ROUND(E37/12,0) -> 0 | F38: =ROUND(F37/12,0) -> 0 | G38: =ROUND(G37/12,0) -> 0
A39: RUs | C39: ='Master data'!H53+'Master data'!H58+'Master data'!H65+'Master data'!H70 -> 0 | D39: ='Master data'!I53+'Master data'!I58+'Master data'!I65+'Master data'!I70 -> 0 | E39: ='Master data'!J53+'Master data'!J58+'Master data'!J65+'Master data'!J70 -> 0 | F39: ='Master data'!K53+'Master data'!K58+'Master data'!K65+'Master data'!K70 -> 0 | G39: ='Master data'!L53+'Master data'!L58+'Master data'!L65+'Master data'!L70 -> 0
A41: GraphQL
C42: Year 1 | D42: Year 2 | E42: Year 3 | F42: Year 4 | G42: Year 5
A43: GraphQL Transactions | B43: Production tx/year
B44: Production tx/month | C44: =ROUND(C43/12,0) -> 0 | D44: =ROUND(D43/12,0) -> 0 | E44: =ROUND(E43/12,0) -> 0 | F44: =ROUND(F43/12,0) -> 0 | G44: =ROUND(G43/12,0) -> 0
B45: Non-production tx/year
B46: Non-production tx/month | C46: =ROUND(C45/12,0) -> 0 | D46: =ROUND(D45/12,0) -> 0 | E46: =ROUND(E45/12,0) -> 0 | F46: =ROUND(F45/12,0) -> 0 | G46: =ROUND(G45/12,0) -> 0
A47: RUs | C47: ='Master data'!H80+'Master data'!H85 -> 0 | D47: ='Master data'!I80+'Master data'!I85 -> 0 | E47: ='Master data'!J80+'Master data'!J85 -> 0 | F47: ='Master data'!K80+'Master data'!K85 -> 0 | G47: ='Master data'!L80+'Master data'!L85 -> 0
A49: Event Automation
C50: Year 1 | D50: Year 2 | E50: Year 3 | F50: Year 4 | G50: Year 5
A51: Events (Endpoint Mgmt) | B51: Production tx/year
B52: Production tx/month | C52: =ROUND(C51/12,0) -> 0 | D52: =ROUND(D51/12,0) -> 0 | E52: =ROUND(E51/12,0) -> 0 | F52: =ROUND(F51/12,0) -> 0 | G52: =ROUND(G51/12,0) -> 0
B53: Non-production tx/year
B54: Non-production tx/month | C54: =ROUND(C53/12,0) -> 0 | D54: =ROUND(D53/12,0) -> 0 | E54: =ROUND(E53/12,0) -> 0 | F54: =ROUND(F53/12,0) -> 0 | G54: =ROUND(G53/12,0) -> 0
A55: RUs | C55: ='Master data'!H96 -> 0 | D55: ='Master data'!I96 -> 0 | E55: ='Master data'!J96 -> 0 | F55: ='Master data'!K96 -> 0 | G55: ='Master data'!L96 -> 0
A57: TOTALS
C58: Year 1 | D58: Year 2 | E58: Year 3 | F58: Year 4 | G58: Year 5 | H58: TOTAL
B59: RUs | C59: =C11+C19+C27+C39+C47+C55 -> 0 | D59: =D11+D19+D27+D39+D47+D55 -> 0 | E59: =E11+E19+E27+E39+E47+E55 -> 0 | F59: =F11+F19+F27+F39+F47+F55 -> 0 | G59: =G11+G19+G27+G39+G47+G55 -> 0 | H59: =SUM(C59:G59) -> 0
B60: Qty to enter in CPQ (monthly) | C60: =ROUNDUP(C59/12,0) -> 0 | D60: =ROUNDUP(D59/12,0) -> 0 | E60: =ROUNDUP(E59/12,0) -> 0 | F60: =ROUNDUP(F59/12,0) -> 0 | G60: =ROUNDUP(G59/12,0) -> 0
A61: Deal discount | B61: List price | C61: =C59*'Master data'!$B$2 -> 0 | D61: =D59*'Master data'!$B$2 -> 0 | E61: =E59*'Master data'!$B$2 -> 0 | F61: =F59*'Master data'!$B$2 -> 0 | G61: =G59*'Master data'!$B$2 -> 0 | H61: =SUM(C61:G61) -> 0
A62: 0 | B62: Discounted price | C62: =C61*(1-$A62) -> 0 | D62: =D61*(1-$A62) -> 0 | E62: =E61*(1-$A62) -> 0 | F62: =F61*(1-$A62) -> 0 | G62: =G61*(1-$A62) -> 0 | H62: =SUM(C62:G62) -> 0
A63: Include Advanced Suppport
A64: No | B64: Advanced Support Price | C64: =IF($A64="Yes", IF(C62*15%<50000,IF(C62=0,0,50000),C62*15%),0) -> 0 | D64: =IF($A64="Yes", IF(D62*15%<50000,IF(D62=0,0,50000),D62*15%),0) -> 0 | E64: =IF($A64="Yes", IF(E62*15%<50000,IF(E62=0,0,50000),E62*15%),0) -> 0 | F64: =IF($A64="Yes", IF(F62*15%<50000,IF(F62=0,0,50000),F62*15%),0) -> 0 | G64: =IF($A64="Yes", IF(G62*15%<50000,IF(G62=0,0,50000),G62*15%),0) -> 0 | H64: =SUM(C64:G64) -> 0
A65: Discount on Adv Support
A66: 0 | B66: Discounted Adv Support Price | C66: =IF(C64=0,0,(IF(C64*(1-$A66)<50000, 50000,C64*(1-$A66)))) -> 0 | D66: =IF(D64=0,0,(IF(D64*(1-$A66)<50000, 50000,D64*(1-$A66)))) -> 0 | E66: =IF(E64=0,0,(IF(E64*(1-$A66)<50000, 50000,E64*(1-$A66)))) -> 0 | F66: =IF(F64=0,0,(IF(F64*(1-$A66)<50000, 50000,F64*(1-$A66)))) -> 0 | G66: =IF(G64=0,0,(IF(G64*(1-$A66)<50000, 50000,G64*(1-$A66)))) -> 0 | H66: =SUM(C66:G66) -> 0
B67: Total Price | C67: =SUM(C66,C62) -> 0 | D67: =SUM(D66,D62) -> 0 | E67: =SUM(E66,E62) -> 0 | F67: =SUM(F66,F62) -> 0 | G67: =SUM(G66,G62) -> 0 | H67: =SUM(C67:G67) -> 0
A69: v13 30-June 26 | B69: Note prices shown here are US prices. Regional prices will vary. Use SQO/CPQ/IBM Quoting as definitive source for prices in your region | F69: =IF(C59<1200, "Below minimum 1200 RUs", "") -> Below minimum 1200 RUs

Sheet Metric definitions
A1: B2B
A2: A B2B Transaction is the exchange of any electronic document (e.g., purchase order, purchase order acknowledgment, invoice, ASN) with another entity in any EDI or non-EDI standard format (e.g., EDI, XML, csv). A single document sent or received by the platform is counted as a B2B Transaction. For batch transactions, each single transaction contained within the batch is counted as a B2B Transaction. A document more than 5 kilobytes will be counted as an additional B2B Transaction for each additional 5 kilobytes rounded up to the nearest increment.
A3: For example, a document of 13 kilobytes would count as 3 B2B Transactions.
A4: MFT
A5: A Managed File Transfer (MFT) Transaction is an initiation of an inbound file transfer or an initiation of an outbound file transfer. A file more than 5 megabytes will be counted as an additional MFT Transaction for each additional 5 megabytes rounded up to the nearest increment.
A6: For example, a file of 13 megabytes would count as 3 MFT Transactions.
A7: FASP
A8: A FASP Transaction is an initiation of an inbound file transfer or an initiation of an outbound file transfer. A file more than 5 gigabytes will be counted as an additional FASP Transaction for each additional 5 gigabytes rounded up to the nearest increment.
A9: For example, a file of 13 gigabytes would count as 3 FASP Transactions.
A10: Integration
A11: An Integration Transaction is an execution of a top-level service, flow or workflow that is triggered manually, or by an external event or request, or by a scheduled timer. A service, flow or workflow that takes more than 60 seconds to complete is counted as an additional Integration Transaction for each additional 60 seconds (or part thereof).
A12: For example, a workflow which takes 190 seconds to complete would count as 4 Integration Transactions.
... A25: "Non-Production" means that the Bundled Program can only be deployed as part of Licensee's internal test environment for internal non-production activities.

Sheet Master data
A1: Master data | G1: Calculator
A2: Price per RU | B2: 40
H3: Year 1 | I3: Year 2 | J3: Year 3 | K3: Year 4 | L3: Year 5
A4: Integration | B4: RUs/mth | G4: Qty | H4: ='What to buy '!C7 -> 0 | I4: ='What to buy '!D7 -> 0 | J4: ='What to buy '!E7 -> 0 | K4: ='What to buy '!F7 -> 0 | L4: ='What to buy '!G7 -> 0
B5: From | C5: To | D5: RUs | E5: Per | G5: RUs | H5: =ROUNDUP(MIN(H4,$C6)/$E6,0)*$D6 + IF(H4>$C6,ROUNDUP(MIN(H4-$C6,$C7-$C6)/$E7,0)*$D7,0) + IF(H4>$C7,ROUNDUP(MIN(H4-$C7,$C8-$C7)/$E8,0)*$D8,0) -> 0 | I5: =ROUNDUP(MIN(I4,$C6)/$E6,0)*$D6 + IF(I4>$C6,ROUNDUP(MIN(I4-$C6,$C7-$C6)/$E7,0)*$D7,0) + IF(I4>$C7,ROUNDUP(MIN(I4-$C7,$C8-$C7)/$E8,0)*$D8,0) -> 0 | J5: =ROUNDUP(MIN(J4,$C6)/$E6,0)*$D6 + IF(J4>$C6,ROUNDUP(MIN(J4-$C6,$C7-$C6)/$E7,0)*$D7,0) + IF(J4>$C7,ROUNDUP(MIN(J4-$C7,$C8-$C7)/$E8,0)*$D8,0) -> 0 | K5: =ROUNDUP(MIN(K4,$C6)/$E6,0)*$D6 + IF(K4>$C6,ROUNDUP(MIN(K4-$C6,$C7-$C6)/$E7,0)*$D7,0) + IF(K4>$C7,ROUNDUP(MIN(K4-$C7,$C8-$C7)/$E8,0)*$D8,0) -> 0 | L5: =ROUNDUP(MIN(L4,$C6)/$E6,0)*$D6 + IF(L4>$C6,ROUNDUP(MIN(L4-$C6,$C7-$C6)/$E7,0)*$D7,0) + IF(L4>$C7,ROUNDUP(MIN(L4-$C7,$C8-$C7)/$E8,0)*$D8,0) -> 0
A6: Transactions | B6: 0 | C6: 10000000 | D6: 20 | E6: 100000
B7: =C6+1 -> 10000001 | C7: 100000000 | D7: 4 | E7: =E6 -> 100000
B8: =C7+1 -> 100000001 | C8: 999999999999999 | D8: 1 | E8: =E7 -> 100000
A9: Integration Non-prod | B9: RUs/mth | G9: Qty | H9: ='What to buy '!C9 -> 0 | I9: ='What to buy '!D9 -> 0 | J9: ='What to buy '!E9 -> 0 | K9: ='What to buy '!F9 -> 0 | L9: ='What to buy '!G9 -> 0
B10: From | C10: To | D10: RUs | E10: Per | G10: RUs | H10: =ROUNDUP(MIN(H9,$C11)/$E11,0)*$D11 + IF(H9>$C11,ROUNDUP(MIN(H9-$C11,$C12-$C11)/$E12,0)*$D12,0) + IF(H9>$C12,ROUNDUP(MIN(H9-$C12,$C13-$C12)/$E13,0)*$D13,0) -> 0 | I10: =ROUNDUP(MIN(I9,$C11)/$E11,0)*$D11 + IF(I9>$C11,ROUNDUP(MIN(I9-$C11,$C12-$C11)/$E12,0)*$D12,0) + IF(I9>$C12,ROUNDUP(MIN(I9-$C12,$C13-$C12)/$E13,0)*$D13,0) -> 0 | J10: =ROUNDUP(MIN(J9,$C11)/$E11,0)*$D11 + IF(J9>$C11,ROUNDUP(MIN(J9-$C11,$C12-$C11)/$E12,0)*$D12,0) + IF(J9>$C12,ROUNDUP(MIN(J9-$C12,$C13-$C12)/$E13,0)*$D13,0) -> 0 | K10: =ROUNDUP(MIN(K9,$C11)/$E11,0)*$D11 + IF(K9>$C11,ROUNDUP(MIN(K9-$C11,$C12-$C11)/$E12,0)*$D12,0) + IF(K9>$C12,ROUNDUP(MIN(K9-$C12,$C13-$C12)/$E13,0)*$D13,0) -> 0 | L10: =ROUNDUP(MIN(L9,$C11)/$E11,0)*$D11 + IF(L9>$C11,ROUNDUP(MIN(L9-$C11,$C12-$C11)/$E12,0)*$D12,0) + IF(L9>$C12,ROUNDUP(MIN(L9-$C12,$C13-$C12)/$E13,0)*$D13,0) -> 0
A11: Transactions | B11: 0 | C11: 10000000 | D11: 20 | E11: 200000
B12: =C11+1 -> 10000001 | C12: 100000000 | D12: 4 | E12: 200000
B13: =C12+1 -> 100000001 | C13: 999999999999999 | D13: 1 | E13: 200000
A20: API Management | B20: RUs/mth | G20: Qty | H20: ='What to buy '!C15 -> 0 | I20: ='What to buy '!D15 -> 0 | J20: ='What to buy '!E15 -> 0 | K20: ='What to buy '!F15 -> 0 | L20: ='What to buy '!G15 -> 0
B21: From | C21: To | D21: RUs | E21: Per | G21: RUs | H21: =ROUNDUP(MIN(H20,$C22)/$E22,0)*$D22 + IF(H20>$C22,ROUNDUP(MIN(H20-$C22,$C23-$C22)/$E23,0)*$D23,0) + IF(H20>$C23,ROUNDUP(MIN(H20-$C23,$C24-$C23)/$E24,0)*$D24,0) -> 0 | I21: =ROUNDUP(MIN(I20,$C22)/$E22,0)*$D22 + IF(I20>$C22,ROUNDUP(MIN(I20-$C22,$C23-$C22)/$E23,0)*$D23,0) + IF(I20>$C23,ROUNDUP(MIN(I20-$C23,$C24-$C23)/$E24,0)*$D24,0) -> 0 | J21: =ROUNDUP(MIN(J20,$C22)/$E22,0)*$D22 + IF(J20>$C22,ROUNDUP(MIN(J20-$C22,$C23-$C22)/$E23,0)*$D23,0) + IF(J20>$C23,ROUNDUP(MIN(J20-$C23,$C24-$C23)/$E24,0)*$D24,0) -> 0 | K21: =ROUNDUP(MIN(K20,$C22)/$E22,0)*$D22 + IF(K20>$C22,ROUNDUP(MIN(K20-$C22,$C23-$C22)/$E23,0)*$D23,0) + IF(K20>$C23,ROUNDUP(MIN(K20-$C23,$C24-$C23)/$E24,0)*$D24,0) -> 0 | L21: =ROUNDUP(MIN(L20,$C22)/$E22,0)*$D22 + IF(L20>$C22,ROUNDUP(MIN(L20-$C22,$C23-$C22)/$E23,0)*$D23,0) + IF(L20>$C23,ROUNDUP(MIN(L20-$C23,$C24-$C23)/$E24,0)*$D24,0) -> 0
A22: Transactions | B22: 0 | C22: 100000000 | D22: 20 | E22: 1000000
B23: =C22+1 -> 100000001 | C23: 1000000000 | D23: 3 | E23: =E22 -> 1000000
B24: =C23+1 -> 1000000001 | C24: 999999999999999 | D24: 2 | E24: =E23 -> 1000000
A25: API Management - Non-prod | B25: RUs/mth | G25: Qty | H25: ='What to buy '!C17 -> 0 | I25: ='What to buy '!D17 -> 0 | J25: ='What to buy '!E17 -> 0 | K25: ='What to buy '!F17 -> 0 | L25: ='What to buy '!G17 -> 0
B26: From | C26: To | D26: RUs | E26: Per | G26: RUs | H26: =ROUNDUP(MIN(H25,$C27)/$E27,0)*$D27 + IF(H25>$C27,ROUNDUP(MIN(H25-$C27,$C28-$C27)/$E28,0)*$D28,0) + IF(H25>$C28,ROUNDUP(MIN(H25-$C28,$C29-$C28)/$E29,0)*$D29,0) -> 0 | I26: =ROUNDUP(MIN(I25,$C27)/$E27,0)*$D27 + IF(I25>$C27,ROUNDUP(MIN(I25-$C27,$C28-$C27)/$E28,0)*$D28,0) + IF(I25>$C28,ROUNDUP(MIN(I25-$C28,$C29-$C28)/$E29,0)*$D29,0) -> 0 | J26: =ROUNDUP(MIN(J25,$C27)/$E27,0)*$D27 + IF(J25>$C27,ROUNDUP(MIN(J25-$C27,$C28-$C27)/$E28,0)*$D28,0) + IF(J25>$C28,ROUNDUP(MIN(J25-$C28,$C29-$C28)/$E29,0)*$D29,0) -> 0 | K26: =ROUNDUP(MIN(K25,$C27)/$E27,0)*$D27 + IF(K25>$C27,ROUNDUP(MIN(K25-$C27,$C28-$C27)/$E28,0)*$D28,0) + IF(K25>$C28,ROUNDUP(MIN(K25-$C28,$C29-$C28)/$E29,0)*$D29,0) -> 0 | L26: =ROUNDUP(MIN(L25,$C27)/$E27,0)*$D27 + IF(L25>$C27,ROUNDUP(MIN(L25-$C27,$C28-$C27)/$E28,0)*$D28,0) + IF(L25>$C28,ROUNDUP(MIN(L25-$C28,$C29-$C28)/$E29,0)*$D29,0) -> 0
A27: Transactions | B27: 0 | C27: 100000000 | D27: 20 | E27: 2000000
B28: =C27+1 -> 100000001 | C28: 1000000000 | D28: 3 | E28: =E27 -> 2000000
B29: =C28+1 -> 1000000001 | C29: 999999999999999 | D29: 2 | E29: =E28 -> 2000000
A36: B2B | B36: RUs/mth | G36: Qty | H36: ='What to buy '!C23 -> 0 | I36: ='What to buy '!D23 -> 0 | J36: ='What to buy '!E23 -> 0 | K36: ='What to buy '!F23 -> 0 | L36: ='What to buy '!G23 -> 0
B37: From | C37: To | D37: RUs | E37: Per | G37: RUs | H37: =ROUNDUP(MIN(H36,$C38)/$E38,0)*$D38 + IF(H36>$C38,ROUNDUP(MIN(H36-$C38,$C39-$C38)/$E39,0)*$D39,0) + IF(H36>$C39,ROUNDUP(MIN(H36-$C39,$C40-$C39)/$E40,0)*$D40,0) -> 0 | I37: =ROUNDUP(MIN(I36,$C38)/$E38,0)*$D38 + IF(I36>$C38,ROUNDUP(MIN(I36-$C38,$C39-$C38)/$E39,0)*$D39,0) + IF(I36>$C39,ROUNDUP(MIN(I36-$C39,$C40-$C39)/$E40,0)*$D40,0) -> 0 | J37: =ROUNDUP(MIN(J36,$C38)/$E38,0)*$D38 + IF(J36>$C38,ROUNDUP(MIN(J36-$C38,$C39-$C38)/$E39,0)*$D39,0) + IF(J36>$C39,ROUNDUP(MIN(J36-$C39,$C40-$C39)/$E40,0)*$D40,0) -> 0 | K37: =ROUNDUP(MIN(K36,$C38)/$E38,0)*$D38 + IF(K36>$C38,ROUNDUP(MIN(K36-$C38,$C39-$C38)/$E39,0)*$D39,0) + IF(K36>$C39,ROUNDUP(MIN(K36-$C39,$C40-$C39)/$E40,0)*$D40,0) -> 0 | L37: =ROUNDUP(MIN(L36,$C38)/$E38,0)*$D38 + IF(L36>$C38,ROUNDUP(MIN(L36-$C38,$C39-$C38)/$E39,0)*$D39,0) + IF(L36>$C39,ROUNDUP(MIN(L36-$C39,$C40-$C39)/$E40,0)*$D40,0) -> 0
A38: Transactions | B38: 0 | C38: 10000000 | D38: 20 | E38: 100000
B39: =C38+1 -> 10000001 | C39: 100000000 | D39: 4 | E39: =E38 -> 100000
B40: =C39+1 -> 100000001 | C40: 999999999999999 | D40: 1 | E40: =E39 -> 100000
A41: B2B - Non-Prod | B41: RUs/mth | G41: Qty | H41: ='What to buy '!C25 -> 0 | I41: ='What to buy '!D25 -> 0 | J41: ='What to buy '!E25 -> 0 | K41: ='What to buy '!F25 -> 0 | L41: ='What to buy '!G25 -> 0
B42: From | C42: To | D42: RUs | E42: Per | G42: RUs | H42: =ROUNDUP(MIN(H41,$C43)/$E43,0)*$D43 + IF(H41>$C43,ROUNDUP(MIN(H41-$C43,$C44-$C43)/$E44,0)*$D44,0) + IF(H41>$C44,ROUNDUP(MIN(H41-$C44,$C45-$C44)/$E45,0)*$D45,0) -> 0 | I42: =ROUNDUP(MIN(I41,$C43)/$E43,0)*$D43 + IF(I41>$C43,ROUNDUP(MIN(I41-$C43,$C44-$C43)/$E44,0)*$D44,0) + IF(I41>$C44,ROUNDUP(MIN(I41-$C44,$C45-$C44)/$E45,0)*$D45,0) -> 0 | J42: =ROUNDUP(MIN(J41,$C43)/$E43,0)*$D43 + IF(J41>$C43,ROUNDUP(MIN(J41-$C43,$C44-$C43)/$E44,0)*$D44,0) + IF(J41>$C44,ROUNDUP(MIN(J41-$C44,$C45-$C44)/$E45,0)*$D45,0) -> 0 | K42: =ROUNDUP(MIN(K41,$C43)/$E43,0)*$D43 + IF(K41>$C43,ROUNDUP(MIN(K41-$C43,$C44-$C43)/$E44,0)*$D44,0) + IF(K41>$C44,ROUNDUP(MIN(K41-$C44,$C45-$C44)/$E45,0)*$D45,0) -> 0 | L42: =ROUNDUP(MIN(L41,$C43)/$E43,0)*$D43 + IF(L41>$C43,ROUNDUP(MIN(L41-$C43,$C44-$C43)/$E44,0)*$D44,0) + IF(L41>$C44,ROUNDUP(MIN(L41-$C44,$C45-$C44)/$E45,0)*$D45,0) -> 0
A43: Transactions | B43: 0 | C43: 10000000 | D43: 20 | E43: 200000
B44: =C43+1 -> 10000001 | C44: 100000000 | D44: 4 | E44: =E43 -> 200000
B45: =C44+1 -> 100000001 | C45: 999999999999999 | D45: 1 | E45: =E44 -> 200000
A52: MFT | B52: RUs/mth | G52: Qty | H52: ='What to buy '!C31 -> 0 | I52: ='What to buy '!D31 -> 0 | J52: ='What to buy '!E31 -> 0 | K52: ='What to buy '!F31 -> 0 | L52: ='What to buy '!G31 -> 0
B53: From | C53: To | D53: RUs | E53: Per | G53: RUs | H53: =ROUNDUP(MIN(H52,$C54)/$E54,0)*$D54 + IF(H52>$C54,ROUNDUP(MIN(H52-$C54,$C55-$C54)/$E55,0)*$D55,0) + IF(H52>$C55,ROUNDUP(MIN(H52-$C55,$C56-$C55)/$E56,0)*$D56,0) -> 0 | I53: =ROUNDUP(MIN(I52,$C54)/$E54,0)*$D54 + IF(I52>$C54,ROUNDUP(MIN(I52-$C54,$C55-$C54)/$E55,0)*$D55,0) + IF(I52>$C55,ROUNDUP(MIN(I52-$C55,$C56-$C55)/$E56,0)*$D56,0) -> 0 | J53: =ROUNDUP(MIN(J52,$C54)/$E54,0)*$D54 + IF(J52>$C54,ROUNDUP(MIN(J52-$C54,$C55-$C54)/$E55,0)*$D55,0) + IF(J52>$C55,ROUNDUP(MIN(J52-$C55,$C56-$C55)/$E56,0)*$D56,0) -> 0 | K53: =ROUNDUP(MIN(K52,$C54)/$E54,0)*$D54 + IF(K52>$C54,ROUNDUP(MIN(K52-$C54,$C55-$C54)/$E55,0)*$D55,0) + IF(K52>$C55,ROUNDUP(MIN(K52-$C55,$C56-$C55)/$E56,0)*$D56,0) -> 0 | L53: =ROUNDUP(MIN(L52,$C54)/$E54,0)*$D54 + IF(L52>$C54,ROUNDUP(MIN(L52-$C54,$C55-$C54)/$E55,0)*$D55,0) + IF(L52>$C55,ROUNDUP(MIN(L52-$C55,$C56-$C55)/$E56,0)*$D56,0) -> 0
A54: Transactions | B54: 0 | C54: 10000000 | D54: 20 | E54: 100000
B55: =C54+1 -> 10000001 | C55: 100000000 | D55: 4 | E55: =E54 -> 100000
B56: =C55+1 -> 100000001 | C56: 999999999999999 | D56: 1 | E56: =E55 -> 100000
A57: MFT-non-prod | B57: RUs/mth | G57: Qty | H57: ='What to buy '!C33 -> 0 | I57: ='What to buy '!D33 -> 0 | J57: ='What to buy '!E33 -> 0 | K57: ='What to buy '!F33 -> 0 | L57: ='What to buy '!G33 -> 0
B58: From | C58: To | D58: RUs | E58: Per | G58: RUs | H58: =ROUNDUP(MIN(H57,$C59)/$E59,0)*$D59 + IF(H57>$C59,ROUNDUP(MIN(H57-$C59,$C60-$C59)/$E60,0)*$D60,0) + IF(H57>$C60,ROUNDUP(MIN(H57-$C60,$C61-$C60)/$E61,0)*$D61,0) -> 0 | I58: =ROUNDUP(MIN(I57,$C59)/$E59,0)*$D59 + IF(I57>$C59,ROUNDUP(MIN(I57-$C59,$C60-$C59)/$E60,0)*$D60,0) + IF(I57>$C60,ROUNDUP(MIN(I57-$C60,$C61-$C60)/$E61,0)*$D61,0) -> 0 | J58: =ROUNDUP(MIN(J57,$C59)/$E59,0)*$D59 + IF(J57>$C59,ROUNDUP(MIN(J57-$C59,$C60-$C59)/$E60,0)*$D60,0) + IF(J57>$C60,ROUNDUP(MIN(J57-$C60,$C61-$C60)/$E61,0)*$D61,0) -> 0 | K58: =ROUNDUP(MIN(K57,$C59)/$E59,0)*$D59 + IF(K57>$C59,ROUNDUP(MIN(K57-$C59,$C60-$C59)/$E60,0)*$D60,0) + IF(K57>$C60,ROUNDUP(MIN(K57-$C60,$C61-$C60)/$E61,0)*$D61,0) -> 0 | L58: =ROUNDUP(MIN(L57,$C59)/$E59,0)*$D59 + IF(L57>$C59,ROUNDUP(MIN(L57-$C59,$C60-$C59)/$E60,0)*$D60,0) + IF(L57>$C60,ROUNDUP(MIN(L57-$C60,$C61-$C60)/$E61,0)*$D61,0) -> 0
A59: Transactions | B59: 0 | C59: 10000000 | D59: 20 | E59: 200000
B60: =C59+1 -> 10000001 | C60: 100000000 | D60: 4 | E60: =E59 -> 200000
B61: =C60+1 -> 100000001 | C61: 999999999999999 | D61: 1 | E61: =E60 -> 200000
A64: MFT | B64: RUs/mth | G64: Qty | H64: ='What to buy '!C36 -> 0 | I64: ='What to buy '!D36 -> 0 | J64: ='What to buy '!E36 -> 0 | K64: ='What to buy '!F36 -> 0 | L64: ='What to buy '!G36 -> 0
B65: From | C65: To | D65: RUs | E65: Per | G65: RUs | H65: =ROUNDUP(MIN(H64,$C66)/$E66,0)*$D66 + IF(H64>$C66,ROUNDUP(MIN(H64-$C66,$C67-$C66)/$E67,0)*$D67,0) + IF(H64>$C67,ROUNDUP(MIN(H64-$C67,$C68-$C67)/$E68,0)*$D68,0) -> 0 | I65: =ROUNDUP(MIN(I64,$C66)/$E66,0)*$D66 + IF(I64>$C66,ROUNDUP(MIN(I64-$C66,$C67-$C66)/$E67,0)*$D67,0) + IF(I64>$C67,ROUNDUP(MIN(I64-$C67,$C68-$C67)/$E68,0)*$D68,0) -> 0 | J65: =ROUNDUP(MIN(J64,$C66)/$E66,0)*$D66 + IF(J64>$C66,ROUNDUP(MIN(J64-$C66,$C67-$C66)/$E67,0)*$D67,0) + IF(J64>$C67,ROUNDUP(MIN(J64-$C67,$C68-$C67)/$E68,0)*$D68,0) -> 0 | K65: =ROUNDUP(MIN(K64,$C66)/$E66,0)*$D66 + IF(K64>$C66,ROUNDUP(MIN(K64-$C66,$C67-$C66)/$E67,0)*$D67,0) + IF(K64>$C67,ROUNDUP(MIN(K64-$C67,$C68-$C67)/$E68,0)*$D68,0) -> 0 | L65: =ROUNDUP(MIN(L64,$C66)/$E66,0)*$D66 + IF(L64>$C66,ROUNDUP(MIN(L64-$C66,$C67-$C66)/$E67,0)*$D67,0) + IF(L64>$C67,ROUNDUP(MIN(L64-$C67,$C68-$C67)/$E68,0)*$D68,0) -> 0
A66: Transactions | B66: 0 | C66: 25000 | D66: 20 | E66: 25000
B67: =C66+1 -> 25001 | C67: 10000000 | D67: 4 | E67: =E66 -> 25000
B68: =C67+1 -> 10000001 | C68: 999999999999999 | D68: 1 | E68: =E67 -> 25000
A69: MFT-non-prod | B69: RUs/mth | G69: Qty | H69: ='What to buy '!C38 -> 0 | I69: ='What to buy '!D38 -> 0 | J69: ='What to buy '!E38 -> 0 | K69: ='What to buy '!F38 -> 0 | L69: ='What to buy '!G38 -> 0
B70: From | C70: To | D70: RUs | E70: Per | G70: RUs | H70: =ROUNDUP(MIN(H69,$C71)/$E71,0)*$D71 + IF(H69>$C71,ROUNDUP(MIN(H69-$C71,$C72-$C71)/$E72,0)*$D72,0) + IF(H69>$C72,ROUNDUP(MIN(H69-$C72,$C73-$C72)/$E73,0)*$D73,0) -> 0 | I70: =ROUNDUP(MIN(I69,$C71)/$E71,0)*$D71 + IF(I69>$C71,ROUNDUP(MIN(I69-$C71,$C72-$C71)/$E72,0)*$D72,0) + IF(I69>$C72,ROUNDUP(MIN(I69-$C72,$C73-$C72)/$E73,0)*$D73,0) -> 0 | J70: =ROUNDUP(MIN(J69,$C71)/$E71,0)*$D71 + IF(J69>$C71,ROUNDUP(MIN(J69-$C71,$C72-$C71)/$E72,0)*$D72,0) + IF(J69>$C72,ROUNDUP(MIN(J69-$C72,$C73-$C72)/$E73,0)*$D73,0) -> 0 | K70: =ROUNDUP(MIN(K69,$C71)/$E71,0)*$D71 + IF(K69>$C71,ROUNDUP(MIN(K69-$C71,$C72-$C71)/$E72,0)*$D72,0) + IF(K69>$C72,ROUNDUP(MIN(K69-$C72,$C73-$C72)/$E73,0)*$D73,0) -> 0 | L70: =ROUNDUP(MIN(L69,$C71)/$E71,0)*$D71 + IF(L69>$C71,ROUNDUP(MIN(L69-$C71,$C72-$C71)/$E72,0)*$D72,0) + IF(L69>$C72,ROUNDUP(MIN(L69-$C72,$C73-$C72)/$E73,0)*$D73,0) -> 0
A71: Transactions | B71: 0 | C71: 50000 | D71: 20 | E71: 50000
B72: =C71+1 -> 50001 | C72: 10000000 | D72: 4 | E72: =E71 -> 50000
B73: =C72+1 -> 10000001 | C73: 999999999999999 | D73: 1 | E73: =E72 -> 50000
A79: GraphQL | B79: RUs/mth | G79: Qty | H79: ='What to buy '!C43 -> 0 | I79: ='What to buy '!D43 -> 0 | J79: ='What to buy '!E43 -> 0 | K79: ='What to buy '!F43 -> 0 | L79: ='What to buy '!G43 -> 0
B80: From | C80: To | D80: RUs | E80: Per | G80: RUs | H80: =ROUNDUP(MIN(H79,$C81)/$E81,0)*$D81 + IF(H79>$C81,ROUNDUP(MIN(H79-$C81,$C82-$C81)/$E82,0)*$D82,0) + IF(H79>$C82,ROUNDUP(MIN(H79-$C82,$C83-$C82)/$E83,0)*$D83,0) -> 0 | I80: =ROUNDUP(MIN(I79,$C81)/$E81,0)*$D81 + IF(I79>$C81,ROUNDUP(MIN(I79-$C81,$C82-$C81)/$E82,0)*$D82,0) + IF(I79>$C82,ROUNDUP(MIN(I79-$C82,$C83-$C82)/$E83,0)*$D83,0) -> 0 | J80: =ROUNDUP(MIN(J79,$C81)/$E81,0)*$D81 + IF(J79>$C81,ROUNDUP(MIN(J79-$C81,$C82-$C81)/$E82,0)*$D82,0) + IF(J79>$C82,ROUNDUP(MIN(J79-$C82,$C83-$C82)/$E83,0)*$D83,0) -> 0 | K80: =ROUNDUP(MIN(K79,$C81)/$E81,0)*$D81 + IF(K79>$C81,ROUNDUP(MIN(K79-$C81,$C82-$C81)/$E82,0)*$D82,0) + IF(K79>$C82,ROUNDUP(MIN(K79-$C82,$C83-$C82)/$E83,0)*$D83,0) -> 0 | L80: =ROUNDUP(MIN(L79,$C81)/$E81,0)*$D81 + IF(L79>$C81,ROUNDUP(MIN(L79-$C81,$C82-$C81)/$E82,0)*$D82,0) + IF(L79>$C82,ROUNDUP(MIN(L79-$C82,$C83-$C82)/$E83,0)*$D83,0) -> 0
A81: Transactions | B81: 0 | C81: 100000000 | D81: 60 | E81: 1000000
B82: =C81+1 -> 100000001 | C82: 1000000000 | D82: 25 | E82: =E81 -> 1000000
B83: =C82+1 -> 1000000001 | C83: 999999999999999 | D83: 15 | E83: =E82 -> 1000000
A84: GraphQL non-prod | B84: RUs/mth | G84: Qty | H84: ='What to buy '!C45 -> 0 | I84: ='What to buy '!D45 -> 0 | J84: ='What to buy '!E45 -> 0 | K84: ='What to buy '!F45 -> 0 | L84: ='What to buy '!G45 -> 0
B85: From | C85: To | D85: RUs | E85: Per | G85: RUs | H85: =ROUNDUP(MIN(H84,$C86)/$E86,0)*$D86 + IF(H84>$C86,ROUNDUP(MIN(H84-$C86,$C87-$C86)/$E87,0)*$D87,0) + IF(H84>$C87,ROUNDUP(MIN(H84-$C87,$C88-$C87)/$E88,0)*$D88,0) -> 0 | I85: =ROUNDUP(MIN(I84,$C86)/$E86,0)*$D86 + IF(I84>$C86,ROUNDUP(MIN(I84-$C86,$C87-$C86)/$E87,0)*$D87,0) + IF(I84>$C87,ROUNDUP(MIN(I84-$C87,$C88-$C87)/$E88,0)*$D88,0) -> 0 | J85: =ROUNDUP(MIN(J84,$C86)/$E86,0)*$D86 + IF(J84>$C86,ROUNDUP(MIN(J84-$C86,$C87-$C86)/$E87,0)*$D87,0) + IF(J84>$C87,ROUNDUP(MIN(J84-$C87,$C88-$C87)/$E88,0)*$D88,0) -> 0 | K85: =ROUNDUP(MIN(K84,$C86)/$E86,0)*$D86 + IF(K84>$C86,ROUNDUP(MIN(K84-$C86,$C87-$C86)/$E87,0)*$D87,0) + IF(K84>$C87,ROUNDUP(MIN(K84-$C87,$C88-$C87)/$E88,0)*$D88,0) -> 0 | L85: =ROUNDUP(MIN(L84,$C86)/$E86,0)*$D86 + IF(L84>$C86,ROUNDUP(MIN(L84-$C86,$C87-$C86)/$E87,0)*$D87,0) + IF(L84>$C87,ROUNDUP(MIN(L84-$C87,$C88-$C87)/$E88,0)*$D88,0) -> 0
A86: Transactions | B86: 0 | C86: 100000000 | D86: 60 | E86: 2000000
B87: =C86+1 -> 100000001 | C87: 1000000000 | D87: 25 | E87: =E86 -> 2000000
B88: =C87+1 -> 1000000001 | C88: 999999999999999 | D88: 15 | E88: =E87 -> 2000000
A95: Event Automation | B95: RUs/mth | G95: Qty | H95: ='What to buy '!C51 -> 0 | I95: ='What to buy '!D51 -> 0 | J95: ='What to buy '!E51 -> 0 | K95: ='What to buy '!F51 -> 0 | L95: ='What to buy '!G51 -> 0
B96: From | C96: To | D96: RUs | E96: Per | G96: RUs | H96: =ROUNDUP(MIN(H95,$C97)/$E97,0)*$D97 + IF(H95>$C97,ROUNDUP(MIN(H95-$C97,$C98-$C97)/$E98,0)*$D98,0) + IF(H95>$C98,ROUNDUP(MIN(H95-$C98,$C99-$C98)/$E99,0)*$D99,0) -> 0 | I96: =ROUNDUP(MIN(I95,$C97)/$E97,0)*$D97 + IF(I95>$C97,ROUNDUP(MIN(I95-$C97,$C98-$C97)/$E98,0)*$D98,0) + IF(I95>$C98,ROUNDUP(MIN(I95-$C98,$C99-$C98)/$E99,0)*$D99,0) -> 0 | J96: =ROUNDUP(MIN(J95,$C97)/$E97,0)*$D97 + IF(J95>$C97,ROUNDUP(MIN(J95-$C97,$C98-$C97)/$E98,0)*$D98,0) + IF(J95>$C98,ROUNDUP(MIN(J95-$C98,$C99-$C98)/$E99,0)*$D99,0) -> 0 | K96: =ROUNDUP(MIN(K95,$C97)/$E97,0)*$D97 + IF(K95>$C97,ROUNDUP(MIN(K95-$C97,$C98-$C97)/$E98,0)*$D98,0) + IF(K95>$C98,ROUNDUP(MIN(K95-$C98,$C99-$C98)/$E99,0)*$D99,0) -> 0 | L96: =ROUNDUP(MIN(L95,$C97)/$E97,0)*$D97 + IF(L95>$C97,ROUNDUP(MIN(L95-$C97,$C98-$C97)/$E98,0)*$D98,0) + IF(L95>$C98,ROUNDUP(MIN(L95-$C98,$C99-$C98)/$E99,0)*$D99,0) -> 0
A97: Transactions | B97: 0 | C97: 100000000 | D97: 20 | E97: 1000000
B98: =C97+1 -> 100000001 | C98: 1000000000 | D98: 3 | E98: =E97 -> 1000000
B99: =C98+1 -> 1000000001 | C99: 999999999999999 | D99: 2 | E99: =E98 -> 1000000
A100: Event streams Prod | D100: 12 | E100: VPC/month
A101: Event processing Prod | D101: 12 | E101: VPC/month
